អត្តលេខមន្ត្រី,ល.រ,នាមត្រកូល(KH),នាមខ្លួន(KH),Last Name(EN),First Name(EN),ភេទ,ថ្ងៃ ខែ ឆ្នាំ កំណើត,ជនជាតិ,សញ្ជាតិ,ការិយាល័យ,តួនាទី,កម្រិតវប្បធម៌,ថ្ងៃ ខែ ឆ្នាំ ចូលបម្រើការងារ,Role,Username
339749960,1,ហេង,វិចិត្រ,Heng,Vichet,ប្រុស,21/09/1973,ខ្មែរ,ខ្មែរ,គណៈអភិបាល,អភិបាល,បណ្ឌិត,08/08/2004,manager,vichetheng
102721764,2,មាស,ម៉ាលី,Meas,Maly,ស្រី,15/10/1980,ខ្មែរ,ខ្មែរ,គណៈអភិបាល,អភិបាលរង,បរិញ្ញាប័ត្រជាន់ខ្ពស់,06/10/2010,manager,malymeas
829488324,3,វ៉ាន់,វិចិត្រ,Van,Vichet,ប្រុស,27/01/1975,ខ្មែរ,ខ្មែរ,គណៈអភិបាល,អភិបាលរង,បណ្ឌិត,28/12/2021,manager,vichetvan
900979098,4,ឯក,នីតា,Ek,Nita,ស្រី,26/06/1973,ខ្មែរ,ខ្មែរ,គណៈអភិបាល,អភិបាលរង,បរិញ្ញាប័ត្រជាន់ខ្ពស់,18/11/2016,manager,nitaek
431784839,5,ជា,សុខា,Chea,Sokha,ប្រុស,05/08/1972,ខ្មែរ,ខ្មែរ,គណៈអភិបាល,អភិបាលរង,បរិញ្ញាប័ត្រជាន់ខ្ពស់,25/11/2025,manager,sokhachea
635212070,6,ណុប,សុខា,Nop,Sokha,ប្រុស,13/02/1974,ខ្មែរ,ខ្មែរ,គណៈអភិបាល,អភិបាលរង,បរិញ្ញាប័ត្រជាន់ខ្ពស់,14/11/2024,manager,sokhanop
705590520,7,ហួត,មុនី,Huot,Mony,ប្រុស,09/09/1974,ខ្មែរ,ខ្មែរ,គណៈអភិបាល,អភិបាលរង,បរិញ្ញាប័ត្រជាន់ខ្ពស់,02/11/2018,manager,monyhuot
819925699,8,រិទ្ធ,ស្រីពេជ្រ,Rith,Srey Pich,ស្រី,23/01/1989,ខ្មែរ,ខ្មែរ,គណៈអភិបាល,មន្ត្រីកិច្ចសន្យា,បរិញ្ញាប័ត្រ,18/10/2018,manager,sreypichrith
772882330,9,គឹម,រតនា,Kim,Ratana,ប្រុស,08/08/1970,ខ្មែរ,ខ្មែរ,គណៈនាយករដ្ឋបាល,នាយករដ្ឋបាល,បរិញ្ញាប័ត្រជាន់ខ្ពស់,22/06/2005,admin,ratanakim
819142805,10,អ៊ុំ,ដាលីន,Um,Dalin,ស្រី,18/05/1989,ខ្មែរ,ខ្មែរ,គណៈនាយករដ្ឋបាល,នាយករងរដ្ឋបាល,បរិញ្ញាប័ត្រ,23/05/2016,officer,dalinum
109960991,11,មាស,ដាលីន,Meas,Dalin,ស្រី,10/04/1985,ខ្មែរ,ខ្មែរ,គណៈនាយករដ្ឋបាល,នាយករងរដ្ឋបាល,បរិញ្ញាប័ត្រ,04/05/2015,officer,dalinmeas
379291540,12,ទេព,មករា,Tep,Makara,ប្រុស,12/08/1988,ខ្មែរ,ខ្មែរ,គណៈនាយករដ្ឋបាល,នាយករងរដ្ឋបាល,បរិញ្ញាប័ត្រ,04/02/2011,officer,makaratep
992712094,13,ហួត,ដាលីន,Huot,Dalin,ស្រី,22/09/1998,ខ្មែរ,ខ្មែរ,គណៈនាយករដ្ឋបាល,មន្ត្រីកិច្ចសន្យា,មធ្យមសិក្សាទុតិយភូមិ,06/02/2017,officer,dalinhuot
653163158,14,សេង,រ័ត្ន,Seng,Rath,ស្រី,23/12/1986,ខ្មែរ,ខ្មែរ,រដ្ឋបាល និងបុគ្គលិក,ប្រធាន,បរិញ្ញាប័ត្រជាន់ខ្ពស់,02/08/2022,admin,rathseng
635175209,15,ឈឹម,ដាលីន,Chhim,Dalin,ស្រី,21/02/1987,ខ្មែរ,ខ្មែរ,រដ្ឋបាល និងបុគ្គលិក,អនុប្រធាន,បរិញ្ញាប័ត្រ,12/02/2011,officer,dalinchhim
100229748,16,ពៅ,ស្រីនាង,Pov,Srey Neang,ស្រី,01/08/1976,ខ្មែរ,ខ្មែរ,រដ្ឋបាល និងបុគ្គលិក,អនុប្រធាន,បរិញ្ញាប័ត្រ,19/02/2004,officer,sreyneangpov
907298165,17,ខៀវ,ស្រីនាង,Khiev,Srey Neang,ស្រី,20/02/1992,ខ្មែរ,ខ្មែរ,រដ្ឋបាល និងបុគ្គលិក,មន្ត្រី,បរិញ្ញាប័ត្រ,20/02/2011,officer,sreyneangkhiev
840620525,18,គង់,រ័ត្ន,Kong,Rath,ស្រី,19/11/1995,ខ្មែរ,ខ្មែរ,រដ្ឋបាល និងបុគ្គលិក,មន្ត្រី,បរិញ្ញាប័ត្រ,01/12/2024,officer,rathkong
641940465,19,ម៉ៅ,វាសនា,Mao,Veasna,ប្រុស,20/03/2003,ខ្មែរ,ខ្មែរ,រដ្ឋបាល និងបុគ្គលិក,មន្ត្រី,មធ្យមសិក្សាទុតិយភូមិ,05/02/2025,officer,veasnamao
542423666,20,គឹម,ស្រីនាង,Kim,Srey Neang,ស្រី,10/10/1989,ខ្មែរ,ខ្មែរ,រដ្ឋបាល និងបុគ្គលិក,មន្ត្រី,បរិញ្ញាប័ត្រ,28/02/2019,officer,sreyneangkim
178848440,21,ហួត,ពិសី,Huot,Pisey,ស្រី,04/01/1997,ខ្មែរ,ខ្មែរ,រដ្ឋបាល និងបុគ្គលិក,មន្ត្រី,បរិញ្ញាប័ត្រ,17/05/2019,officer,piseyhuot
451929677,22,ទេព,សុខា,Tep,Sokha,ប្រុស,17/01/1985,ខ្មែរ,ខ្មែរ,រដ្ឋបាល និងបុគ្គលិក,មន្ត្រី,មធ្យមសិក្សាទុតិយភូមិ,25/05/2024,officer,sokhatep
964296256,23,ហេង,ដាលីន,Heng,Dalin,ស្រី,19/08/2000,ខ្មែរ,ខ្មែរ,រដ្ឋបាល និងបុគ្គលិក,មន្ត្រី,បរិញ្ញាប័ត្រ,26/07/2025,officer,dalinheng
742333410,24,រិទ្ធ,មករា,Rith,Makara,ប្រុស,11/10/1998,ខ្មែរ,ខ្មែរ,រដ្ឋបាល និងបុគ្គលិក,មន្ត្រី,បរិញ្ញាប័ត្រ,03/12/2021,officer,makararith
286148083,25,ឡុង,វិចិត្រ,Long,Vichet,ប្រុស,21/04/1986,ខ្មែរ,ខ្មែរ,រដ្ឋបាល និងបុគ្គលិក,មន្ត្រី,មធ្យមសិក្សាទុតិយភូមិ,20/12/2024,officer,vichetlong
863371907,26,ស៊ុន,វាសនា,Sun,Veasna,ប្រុស,07/11/1999,ខ្មែរ,ខ្មែរ,រដ្ឋបាល និងបុគ្គលិក,មន្ត្រី,បរិញ្ញាប័ត្រ,11/04/2023,officer,veasnasun
518728644,27,ទេព,មករា,Tep,Makara,ប្រុស,06/03/2001,ខ្មែរ,ខ្មែរ,រដ្ឋបាល និងបុគ្គលិក,មន្ត្រី,បរិញ្ញាប័ត្រ,05/04/2021,officer,makaratep1
469438031,28,ឡុង,ម៉ាលី,Long,Maly,ស្រី,10/07/1987,ខ្មែរ,ខ្មែរ,រដ្ឋបាល និងបុគ្គលិក,មន្ត្រី,មធ្យមសិក្សាទុតិយភូមិ,20/09/2009,officer,malylong
449813560,29,សេង,វិសាល,Seng,Visal,ប្រុស,15/05/1998,ខ្មែរ,ខ្មែរ,រដ្ឋបាល និងបុគ្គលិក,មន្ត្រី,មធ្យមសិក្សាទុតិយភូមិ,09/05/2018,officer,visalseng
199986403,30,លី,ដាលីន,Ly,Dalin,ស្រី,08/04/1988,ខ្មែរ,ខ្មែរ,រដ្ឋបាល និងបុគ្គលិក,មន្ត្រី,មធ្យមសិក្សាទុតិយភូមិ,18/05/2006,officer,dalinly
477636853,31,គឹម,រ័ត្ន,Kim,Rath,ស្រី,28/06/1985,ខ្មែរ,ខ្មែរ,រដ្ឋបាល និងបុគ្គលិក,មន្ត្រី,បរិញ្ញាប័ត្រ,09/07/2010,officer,rathkim
711855694,32,ខៀវ,វិចិត្រ,Khiev,Vichet,ប្រុស,24/10/2002,ខ្មែរ,ខ្មែរ,រដ្ឋបាល និងបុគ្គលិក,មន្ត្រីកិច្ចសន្យា,មធ្យមសិក្សាទុតិយភូមិ,06/01/2022,officer,vichetkhiev
283905224,33,អ៊ុំ,សុភា,Um,Sophea,ស្រី,04/05/1988,ខ្មែរ,ខ្មែរ,រដ្ឋបាល និងបុគ្គលិក,មន្ត្រីកិច្ចសន្យា,បរិញ្ញាប័ត្រ,13/02/2016,officer,sopheaum
643986279,34,ប៉ែន,ដារា,Pen,Dara,ប្រុស,21/11/1977,ខ្មែរ,ខ្មែរ,លេខាធិការក្រុមប្រឹក្សា,ប្រធាន,បរិញ្ញាប័ត្រ,07/10/2004,head-office,darapen
375011139,35,រិទ្ធ,សុភា,Rith,Sophea,ស្រី,06/06/1981,ខ្មែរ,ខ្មែរ,លេខាធិការក្រុមប្រឹក្សា,អនុប្រធាន,បរិញ្ញាប័ត្រជាន់ខ្ពស់,13/09/2011,officer,sophearith
352571328,36,គឹម,ដារា,Kim,Dara,ប្រុស,02/01/1985,ខ្មែរ,ខ្មែរ,លេខាធិការក្រុមប្រឹក្សា,អនុប្រធាន,បរិញ្ញាប័ត្រ,01/05/2007,officer,darakim
476139084,37,លី,វិសាល,Ly,Visal,ប្រុស,19/09/2006,ខ្មែរ,ខ្មែរ,លេខាធិការក្រុមប្រឹក្សា,មន្ត្រី,បរិញ្ញាប័ត្រ,02/12/2025,officer,visally
737864324,38,ខៀវ,ដាលីន,Khiev,Dalin,ស្រី,20/06/1997,ខ្មែរ,ខ្មែរ,លេខាធិការក្រុមប្រឹក្សា,មន្ត្រី,បរិញ្ញាប័ត្រ,19/11/2017,officer,dalinkhiev
831651642,39,អ៊ុំ,ម៉ាលី,Um,Maly,ស្រី,28/06/2006,ខ្មែរ,ខ្មែរ,លេខាធិការក្រុមប្រឹក្សា,មន្ត្រី,បរិញ្ញាប័ត្រ,23/11/2025,officer,malyum
454923266,40,វ៉ាន់,ម៉ាលី,Van,Maly,ស្រី,10/01/1998,ខ្មែរ,ខ្មែរ,លេខាធិការក្រុមប្រឹក្សា,មន្ត្រីកិច្ចសន្យា,មធ្យមសិក្សាទុតិយភូមិ,27/10/2023,officer,malyvan
467739231,41,វ៉ាន់,ស្រីនាង,Van,Srey Neang,ស្រី,01/10/1982,ខ្មែរ,ខ្មែរ,ផែនការ និងហិរញ្ញវត្ថុ,ប្រធាន,បរិញ្ញាប័ត្រ,25/01/2025,officer,sreyneangvan
140070680,42,ចាន់,វាសនា,Chan,Veasna,ប្រុស,04/10/1977,ខ្មែរ,ខ្មែរ,ផែនការ និងហិរញ្ញវត្ថុ,អនុប្រធាន,បរិញ្ញាប័ត្រជាន់ខ្ពស់,21/04/2005,officer,veasnachan
482221433,43,ណុប,វាសនា,Nop,Veasna,ប្រុស,19/07/1972,ខ្មែរ,ខ្មែរ,ផែនការ និងហិរញ្ញវត្ថុ,អនុប្រធាន,បរិញ្ញាប័ត្រ,31/08/2005,officer,veasnanop
234441134,44,ឯក,ម៉ាលី,Ek,Maly,ស្រី,08/11/1998,ខ្មែរ,ខ្មែរ,ផែនការ និងហិរញ្ញវត្ថុ,មន្ត្រី,បរិញ្ញាប័ត្រ,18/07/2025,officer,malyek
117819606,45,សុខ,វាសនា,Sok,Veasna,ប្រុស,08/03/1993,ខ្មែរ,ខ្មែរ,ផែនការ និងហិរញ្ញវត្ថុ,មន្ត្រី,មធ្យមសិក្សាទុតិយភូមិ,15/09/2011,officer,veasnasok
292524312,46,គឹម,ដាលីន,Kim,Dalin,ស្រី,21/03/1995,ខ្មែរ,ខ្មែរ,ផែនការ និងហិរញ្ញវត្ថុ,មន្ត្រី,មធ្យមសិក្សាទុតិយភូមិ,23/03/2015,officer,dalinkim
160404143,47,ស៊ុន,វាសនា,Sun,Veasna,ប្រុស,17/11/1995,ខ្មែរ,ខ្មែរ,ផែនការ និងហិរញ្ញវត្ថុ,មន្ត្រី,មធ្យមសិក្សាទុតិយភូមិ,30/12/2020,officer,veasnasun1
900144583,48,ទូច,សុវណ្ណ,Touch,Sovann,ប្រុស,17/11/1992,ខ្មែរ,ខ្មែរ,ផែនការ និងហិរញ្ញវត្ថុ,មន្ត្រី,បរិញ្ញាប័ត្រ,05/04/2014,officer,sovanntouch
502359538,49,មាស,រ័ត្ន,Meas,Rath,ស្រី,11/05/2002,ខ្មែរ,ខ្មែរ,ផែនការ និងហិរញ្ញវត្ថុ,មន្ត្រី,បរិញ្ញាប័ត្រ,12/08/2022,officer,rathmeas
723392705,50,ទេព,ដាលីន,Tep,Dalin,ស្រី,26/08/2002,ខ្មែរ,ខ្មែរ,ផែនការ និងហិរញ្ញវត្ថុ,មន្ត្រី,មធ្យមសិក្សាទុតិយភូមិ,05/06/2024,officer,dalintep
973761791,51,ឈឹម,នីតា,Chhim,Nita,ស្រី,01/08/1989,ខ្មែរ,ខ្មែរ,ផែនការ និងហិរញ្ញវត្ថុ,មន្ត្រី,មធ្យមសិក្សាទុតិយភូមិ,13/07/2015,officer,nitachhim
884914168,52,ទេព,ស្រីពេជ្រ,Tep,Srey Pich,ស្រី,12/05/1987,ខ្មែរ,ខ្មែរ,ផែនការ និងហិរញ្ញវត្ថុ,មន្ត្រី,បរិញ្ញាប័ត្រ,15/08/2017,officer,sreypichtep
846895061,53,គឹង,ពិសី,Kung,Pisey,ស្រី,07/09/1985,ខ្មែរ,ខ្មែរ,ផែនការ និងហិរញ្ញវត្ថុ,មន្ត្រី,បរិញ្ញាប័ត្រ,28/09/2022,officer,piseykung
810569828,54,ឯក,ស្រីពេជ្រ,Ek,Srey Pich,ស្រី,26/09/2002,ខ្មែរ,ខ្មែរ,ផែនការ និងហិរញ្ញវត្ថុ,មន្ត្រីកិច្ចសន្យា,មធ្យមសិក្សាទុតិយភូមិ,07/05/2024,officer,sreypichek
687863301,55,លី,វាសនា,Ly,Veasna,ប្រុស,13/12/1989,ខ្មែរ,ខ្មែរ,ផែនការ និងហិរញ្ញវត្ថុ,មន្ត្រីកិច្ចសន្យា,បរិញ្ញាប័ត្រ,06/06/2015,officer,veasnaly
406637893,56,ចាន់,សុភា,Chan,Sophea,ស្រី,10/05/1977,ខ្មែរ,ខ្មែរ,ដែនដី នគរូបនីយកម្ម សំណង់ និងភូមិបាល,ប្រធាន,បរិញ្ញាប័ត្រជាន់ខ្ពស់,10/04/2024,officer,sopheachan
795550836,57,ឯក,ពិសី,Ek,Pisey,ស្រី,28/01/1992,ខ្មែរ,ខ្មែរ,ដែនដី នគរូបនីយកម្ម សំណង់ និងភូមិបាល,អនុប្រធាន,បរិញ្ញាប័ត្រជាន់ខ្ពស់,31/08/2023,officer,piseyek
678850369,58,ណុប,ម៉ាលី,Nop,Maly,ស្រី,06/01/1988,ខ្មែរ,ខ្មែរ,ដែនដី នគរូបនីយកម្ម សំណង់ និងភូមិបាល,អនុប្រធាន,បរិញ្ញាប័ត្រជាន់ខ្ពស់,26/01/2013,officer,malynop
502177935,59,សុខ,មករា,Sok,Makara,ប្រុស,23/11/2001,ខ្មែរ,ខ្មែរ,ដែនដី នគរូបនីយកម្ម សំណង់ និងភូមិបាល,មន្ត្រី,បរិញ្ញាប័ត្រ,01/12/2019,officer,makarasok
235854608,60,វ៉ាន់,សុខា,Van,Sokha,ប្រុស,20/03/2002,ខ្មែរ,ខ្មែរ,ដែនដី នគរូបនីយកម្ម សំណង់ និងភូមិបាល,មន្ត្រី,បរិញ្ញាប័ត្រ,31/12/2022,officer,sokhavan
423728089,61,ទូច,សុខា,Touch,Sokha,ប្រុស,09/07/1987,ខ្មែរ,ខ្មែរ,ដែនដី នគរូបនីយកម្ម សំណង់ និងភូមិបាល,មន្ត្រី,បរិញ្ញាប័ត្រ,11/05/2019,officer,sokhatouch
989748816,62,ទូច,សុខា,Touch,Sokha,ប្រុស,17/09/1988,ខ្មែរ,ខ្មែរ,ដែនដី នគរូបនីយកម្ម សំណង់ និងភូមិបាល,មន្ត្រី,មធ្យមសិក្សាទុតិយភូមិ,01/04/2012,officer,sokhatouch1
968033334,63,រិទ្ធ,ដាលីន,Rith,Dalin,ស្រី,25/02/1987,ខ្មែរ,ខ្មែរ,ដែនដី នគរូបនីយកម្ម សំណង់ និងភូមិបាល,មន្ត្រី,មធ្យមសិក្សាទុតិយភូមិ,14/02/2007,officer,dalinrith
702987681,64,ស៊ីម,សុភា,Sim,Sophea,ស្រី,14/06/1990,ខ្មែរ,ខ្មែរ,ដែនដី នគរូបនីយកម្ម សំណង់ និងភូមិបាល,មន្ត្រី,បរិញ្ញាប័ត្រ,22/10/2019,officer,sopheasim
965841450,65,ខន,រ័ត្ន,Khon,Rath,ស្រី,06/06/1997,ខ្មែរ,ខ្មែរ,ដែនដី នគរូបនីយកម្ម សំណង់ និងភូមិបាល,មន្ត្រី,មធ្យមសិក្សាទុតិយភូមិ,18/08/2017,officer,rathkhon
328573374,66,គឹង,នីតា,Kung,Nita,ស្រី,27/07/1996,ខ្មែរ,ខ្មែរ,ដែនដី នគរូបនីយកម្ម សំណង់ និងភូមិបាល,មន្ត្រី,មធ្យមសិក្សាទុតិយភូមិ,16/02/2023,officer,nitakung
226536269,67,ខន,បញ្ញា,Khon,Panha,ប្រុស,11/05/1998,ខ្មែរ,ខ្មែរ,ដែនដី នគរូបនីយកម្ម សំណង់ និងភូមិបាល,មន្ត្រី,បរិញ្ញាប័ត្រ,23/09/2025,officer,panhakhon
387952745,68,ស៊ុន,សុភា,Sun,Sophea,ស្រី,18/03/1993,ខ្មែរ,ខ្មែរ,ដែនដី នគរូបនីយកម្ម សំណង់ និងភូមិបាល,មន្ត្រី,មធ្យមសិក្សាទុតិយភូមិ,08/04/2025,officer,sopheasun
779884647,69,គង់,សុខា,Kong,Sokha,ប្រុស,19/05/1993,ខ្មែរ,ខ្មែរ,ដែនដី នគរូបនីយកម្ម សំណង់ និងភូមិបាល,មន្ត្រី,បរិញ្ញាប័ត្រ,26/08/2021,officer,sokhakong
829258548,70,សុខ,ម៉ាលី,Sok,Maly,ស្រី,11/07/2006,ខ្មែរ,ខ្មែរ,ដែនដី នគរូបនីយកម្ម សំណង់ និងភូមិបាល,មន្ត្រី,មធ្យមសិក្សាទុតិយភូមិ,16/10/2024,officer,malysok
877857320,71,គឹម,នីតា,Kim,Nita,ស្រី,02/06/2005,ខ្មែរ,ខ្មែរ,ដែនដី នគរូបនីយកម្ម សំណង់ និងភូមិបាល,មន្ត្រី,មធ្យមសិក្សាទុតិយភូមិ,15/07/2024,officer,nitakim
756820576,72,ស៊ីម,ដារា,Sim,Dara,ប្រុស,19/06/1989,ខ្មែរ,ខ្មែរ,ដែនដី នគរូបនីយកម្ម សំណង់ និងភូមិបាល,មន្ត្រី,មធ្យមសិក្សាទុតិយភូមិ,30/11/2021,officer,darasim
783189853,73,ទូច,ដាលីន,Touch,Dalin,ស្រី,25/01/1985,ខ្មែរ,ខ្មែរ,ដែនដី នគរូបនីយកម្ម សំណង់ និងភូមិបាល,មន្ត្រី,មធ្យមសិក្សាទុតិយភូមិ,05/12/2012,officer,dalintouch
768753987,74,ហេង,វិសាល,Heng,Visal,ប្រុស,17/08/1991,ខ្មែរ,ខ្មែរ,ដែនដី នគរូបនីយកម្ម សំណង់ និងភូមិបាល,មន្ត្រី,បរិញ្ញាប័ត្រ,02/11/2015,officer,visalheng
454317051,75,ឡុង,ស្រីនាង,Long,Srey Neang,ស្រី,04/01/2002,ខ្មែរ,ខ្មែរ,ដែនដី នគរូបនីយកម្ម សំណង់ និងភូមិបាល,មន្ត្រី,បរិញ្ញាប័ត្រ,03/10/2021,officer,sreyneanglong
864320496,76,ពៅ,បញ្ញា,Pov,Panha,ប្រុស,19/02/1994,ខ្មែរ,ខ្មែរ,ដែនដី នគរូបនីយកម្ម សំណង់ និងភូមិបាល,មន្ត្រី,បរិញ្ញាប័ត្រ,27/06/2021,officer,panhapov
888395619,77,សុខ,វិចិត្រ,Sok,Vichet,ប្រុស,06/01/1998,ខ្មែរ,ខ្មែរ,ដែនដី នគរូបនីយកម្ម សំណង់ និងភូមិបាល,មន្ត្រី,មធ្យមសិក្សាទុតិយភូមិ,08/03/2022,officer,vichetsok
374179532,78,អ៊ុំ,បញ្ញា,Um,Panha,ប្រុស,11/06/1995,ខ្មែរ,ខ្មែរ,ដែនដី នគរូបនីយកម្ម សំណង់ និងភូមិបាល,មន្ត្រីកិច្ចសន្យា,មធ្យមសិក្សាទុតិយភូមិ,14/03/2024,officer,panhaum
123379797,79,ស៊ុន,រ័ត្ន,Sun,Rath,ស្រី,16/11/1986,ខ្មែរ,ខ្មែរ,ដែនដី នគរូបនីយកម្ម សំណង់ និងភូមិបាល,មន្ត្រីកិច្ចសន្យា,មធ្យមសិក្សាទុតិយភូមិ,12/11/2007,officer,rathsun
886135614,80,ស៊ីម,រ័ត្ន,Sim,Rath,ស្រី,09/06/1991,ខ្មែរ,ខ្មែរ,ដែនដី នគរូបនីយកម្ម សំណង់ និងភូមិបាល,មន្ត្រីកិច្ចសន្យា,មធ្យមសិក្សាទុតិយភូមិ,04/12/2020,officer,rathsim
832352622,81,ពៅ,សុភា,Pov,Sophea,ស្រី,24/02/1985,ខ្មែរ,ខ្មែរ,នីតិកម្ម និងសម្រុះសម្រួលវិវាទមូលដ្ឋាន,ប្រធាន,បរិញ្ញាប័ត្រជាន់ខ្ពស់,23/12/2025,officer,sopheapov
625311624,82,ខៀវ,ដាលីន,Khiev,Dalin,ស្រី,20/09/1988,ខ្មែរ,ខ្មែរ,នីតិកម្ម និងសម្រុះសម្រួលវិវាទមូលដ្ឋាន,អនុប្រធាន,បរិញ្ញាប័ត្រជាន់ខ្ពស់,04/01/2014,officer,dalinkhiev1
915317395,83,ណុប,រ័ត្ន,Nop,Rath,ស្រី,28/09/1974,ខ្មែរ,ខ្មែរ,នីតិកម្ម និងសម្រុះសម្រួលវិវាទមូលដ្ឋាន,អនុប្រធាន,បរិញ្ញាប័ត្រជាន់ខ្ពស់,27/10/2007,officer,rathnop
358659374,84,ទេព,ម៉ាលី,Tep,Maly,ស្រី,01/04/2004,ខ្មែរ,ខ្មែរ,នីតិកម្ម និងសម្រុះសម្រួលវិវាទមូលដ្ឋាន,មន្ត្រី,បរិញ្ញាប័ត្រ,05/11/2024,officer,malytep
932992635,85,ហួត,មុនី,Huot,Mony,ប្រុស,26/04/2001,ខ្មែរ,ខ្មែរ,នីតិកម្ម និងសម្រុះសម្រួលវិវាទមូលដ្ឋាន,មន្ត្រី,បរិញ្ញាប័ត្រ,08/05/2022,officer,monyhuot1
760605344,86,ឡុង,ពិសី,Long,Pisey,ស្រី,13/11/1996,ខ្មែរ,ខ្មែរ,នីតិកម្ម និងសម្រុះសម្រួលវិវាទមូលដ្ឋាន,មន្ត្រី,មធ្យមសិក្សាទុតិយភូមិ,02/11/2020,officer,piseylong
958085623,87,ខៀវ,មករា,Khiev,Makara,ប្រុស,26/03/1989,ខ្មែរ,ខ្មែរ,នីតិកម្ម និងសម្រុះសម្រួលវិវាទមូលដ្ឋាន,មន្ត្រី,បរិញ្ញាប័ត្រ,12/07/2025,officer,makarakhiev
844049786,88,ស៊ីម,ដារា,Sim,Dara,ប្រុស,09/03/1990,ខ្មែរ,ខ្មែរ,នីតិកម្ម និងសម្រុះសម្រួលវិវាទមូលដ្ឋាន,មន្ត្រី,មធ្យមសិក្សាទុតិយភូមិ,21/04/2020,officer,darasim1
299323166,89,សេង,ពិសី,Seng,Pisey,ស្រី,02/12/1990,ខ្មែរ,ខ្មែរ,នីតិកម្ម និងសម្រុះសម្រួលវិវាទមូលដ្ឋាន,មន្ត្រី,បរិញ្ញាប័ត្រ,09/10/2025,officer,piseyseng
652523333,90,ទេព,មុនី,Tep,Mony,ប្រុស,10/01/2002,ខ្មែរ,ខ្មែរ,នីតិកម្ម និងសម្រុះសម្រួលវិវាទមូលដ្ឋាន,មន្ត្រី,មធ្យមសិក្សាទុតិយភូមិ,02/07/2022,officer,monytep
645716386,91,សេង,ស្រីនាង,Seng,Srey Neang,ស្រី,05/06/1989,ខ្មែរ,ខ្មែរ,នីតិកម្ម និងសម្រុះសម្រួលវិវាទមូលដ្ឋាន,មន្ត្រីកិច្ចសន្យា,មធ្យមសិក្សាទុតិយភូមិ,16/06/2023,officer,sreyneangseng
453015901,92,សុខ,បញ្ញា,Sok,Panha,ប្រុស,19/06/1975,ខ្មែរ,ខ្មែរ,អង្គភាពលទ្ធកម្ម,ប្រធាន,បរិញ្ញាប័ត្រជាន់ខ្ពស់,16/07/2011,officer,panhasok
314142429,93,ហួត,មករា,Huot,Makara,ប្រុស,22/07/1974,ខ្មែរ,ខ្មែរ,អង្គភាពលទ្ធកម្ម,អនុប្រធាន,បរិញ្ញាប័ត្រជាន់ខ្ពស់,06/06/2019,officer,makarahuot
553090073,94,ម៉ៅ,សុវណ្ណ,Mao,Sovann,ប្រុស,06/06/1978,ខ្មែរ,ខ្មែរ,អង្គភាពលទ្ធកម្ម,អនុប្រធាន,បរិញ្ញាប័ត្រ,14/01/2024,officer,sovannmao
700239801,95,ណុប,ដាលីន,Nop,Dalin,ស្រី,24/11/1994,ខ្មែរ,ខ្មែរ,អង្គភាពលទ្ធកម្ម,មន្ត្រី,បរិញ្ញាប័ត្រ,11/10/2022,officer,dalinnop
829094465,96,ពៅ,ស្រីនាង,Pov,Srey Neang,ស្រី,12/02/1988,ខ្មែរ,ខ្មែរ,អង្គភាពលទ្ធកម្ម,មន្ត្រីកិច្ចសន្យា,បរិញ្ញាប័ត្រ,23/02/2022,officer,sreyneangpov1
132751084,97,ឈឹម,វិចិត្រ,Chhim,Vichet,ប្រុស,07/07/1992,ខ្មែរ,ខ្មែរ,ច្រកចេញចូលតែមួយ,ប្រធាន,បរិញ្ញាប័ត្រជាន់ខ្ពស់,10/02/2020,officer,vichetchhim
594140383,98,វ៉ាន់,វិសាល,Van,Visal,ប្រុស,16/01/1984,ខ្មែរ,ខ្មែរ,ច្រកចេញចូលតែមួយ,អនុប្រធាន,បរិញ្ញាប័ត្រ,31/05/2025,officer,visalvan
485467639,99,ទូច,រ័ត្ន,Touch,Rath,ស្រី,18/03/1975,ខ្មែរ,ខ្មែរ,ច្រកចេញចូលតែមួយ,អនុប្រធាន,បរិញ្ញាប័ត្រជាន់ខ្ពស់,25/12/2009,officer,rathtouch
373650185,100,ខៀវ,ម៉ាលី,Khiev,Maly,ស្រី,11/09/2006,ខ្មែរ,ខ្មែរ,ច្រកចេញចូលតែមួយ,មន្ត្រី,បរិញ្ញាប័ត្រ,02/10/2025,officer,malykhiev
205561041,101,សេង,បញ្ញា,Seng,Panha,ប្រុស,27/09/2002,ខ្មែរ,ខ្មែរ,ច្រកចេញចូលតែមួយ,មន្ត្រី,មធ្យមសិក្សាទុតិយភូមិ,18/09/2023,officer,panhaseng
585801814,102,ចាន់,សុភា,Chan,Sophea,ស្រី,03/01/2003,ខ្មែរ,ខ្មែរ,ច្រកចេញចូលតែមួយ,មន្ត្រី,បរិញ្ញាប័ត្រ,19/12/2023,officer,sopheachan1
264393407,103,មាស,មុនី,Meas,Mony,ប្រុស,18/08/2004,ខ្មែរ,ខ្មែរ,ច្រកចេញចូលតែមួយ,មន្ត្រី,មធ្យមសិក្សាទុតិយភូមិ,01/10/2022,officer,monymeas
373748579,104,សុខ,ពិសី,Sok,Pisey,ស្រី,06/02/1997,ខ្មែរ,ខ្មែរ,ច្រកចេញចូលតែមួយ,មន្ត្រី,បរិញ្ញាប័ត្រ,04/02/2021,officer,piseysok
870127026,105,ខន,ដារា,Khon,Dara,ប្រុស,04/09/2004,ខ្មែរ,ខ្មែរ,ច្រកចេញចូលតែមួយ,មន្ត្រី,បរិញ្ញាប័ត្រ,20/07/2024,officer,darakhon
529538128,106,ទូច,វិសាល,Touch,Visal,ប្រុស,15/12/1995,ខ្មែរ,ខ្មែរ,ច្រកចេញចូលតែមួយ,មន្ត្រី,បរិញ្ញាប័ត្រ,24/05/2019,officer,visaltouch
297875786,107,ហេង,វាសនា,Heng,Veasna,ប្រុស,08/08/1986,ខ្មែរ,ខ្មែរ,ច្រកចេញចូលតែមួយ,មន្ត្រី,មធ្យមសិក្សាទុតិយភូមិ,17/12/2017,officer,veasnaheng
618442244,108,ប៉ែន,នីតា,Pen,Nita,ស្រី,19/08/2003,ខ្មែរ,ខ្មែរ,ច្រកចេញចូលតែមួយ,មន្ត្រី,បរិញ្ញាប័ត្រ,09/10/2023,officer,nitapen
250633173,109,ពៅ,បញ្ញា,Pov,Panha,ប្រុស,15/09/1986,ខ្មែរ,ខ្មែរ,ច្រកចេញចូលតែមួយ,មន្ត្រី,មធ្យមសិក្សាទុតិយភូមិ,21/04/2022,officer,panhapov1
128236989,110,ហួត,នីតា,Huot,Nita,ស្រី,28/07/1993,ខ្មែរ,ខ្មែរ,ច្រកចេញចូលតែមួយ,មន្ត្រី,មធ្យមសិក្សាទុតិយភូមិ,02/08/2024,officer,nitahuot
729817827,111,ហួត,ពិសី,Huot,Pisey,ស្រី,26/06/2003,ខ្មែរ,ខ្មែរ,ច្រកចេញចូលតែមួយ,មន្ត្រី,បរិញ្ញាប័ត្រ,13/09/2022,officer,piseyhuot1
964573595,112,ឈឹម,វាសនា,Chhim,Veasna,ប្រុស,26/02/1997,ខ្មែរ,ខ្មែរ,ច្រកចេញចូលតែមួយ,មន្ត្រី,មធ្យមសិក្សាទុតិយភូមិ,03/05/2016,officer,veasnachhim
959424368,113,សុខ,ម៉ាលី,Sok,Maly,ស្រី,09/01/1991,ខ្មែរ,ខ្មែរ,ច្រកចេញចូលតែមួយ,មន្ត្រី,បរិញ្ញាប័ត្រ,19/11/2025,officer,malysok1
139024642,114,ស៊ីម,វាសនា,Sim,Veasna,ប្រុស,06/05/1987,ខ្មែរ,ខ្មែរ,ច្រកចេញចូលតែមួយ,មន្ត្រី,មធ្យមសិក្សាទុតិយភូមិ,15/10/2025,officer,veasnasim
845031138,115,លី,វាសនា,Ly,Veasna,ប្រុស,02/11/2002,ខ្មែរ,ខ្មែរ,ច្រកចេញចូលតែមួយ,មន្ត្រី,មធ្យមសិក្សាទុតិយភូមិ,31/10/2022,officer,veasnaly1
799937880,116,ពៅ,ស្រីពេជ្រ,Pov,Srey Pich,ស្រី,03/05/1986,ខ្មែរ,ខ្មែរ,ច្រកចេញចូលតែមួយ,មន្ត្រី,មធ្យមសិក្សាទុតិយភូមិ,11/02/2008,officer,sreypichpov
606143417,117,ពៅ,វិសាល,Pov,Visal,ប្រុស,21/10/1994,ខ្មែរ,ខ្មែរ,ច្រកចេញចូលតែមួយ,មន្ត្រីកិច្ចសន្យា,បរិញ្ញាប័ត្រ,13/10/2013,officer,visalpov
680052996,118,គឹង,ស្រីនាង,Kung,Srey Neang,ស្រី,17/11/2002,ខ្មែរ,ខ្មែរ,ច្រកចេញចូលតែមួយ,មន្ត្រីកិច្ចសន្យា,បរិញ្ញាប័ត្រ,25/02/2024,officer,sreyneangkung
521959144,119,ស៊ុន,បញ្ញា,Sun,Panha,ប្រុស,08/06/2002,ខ្មែរ,ខ្មែរ,ច្រកចេញចូលតែមួយ,មន្ត្រីកិច្ចសន្យា,បរិញ្ញាប័ត្រ,12/06/2023,officer,panhasun
195964420,120,ម៉ៅ,ស្រីនាង,Mao,Srey Neang,ស្រី,13/07/1972,ខ្មែរ,ខ្មែរ,សេដ្ឋកិច្ច និងអភិវឌ្ឍន៍មូលដ្ឋាន,ប្រធាន,បរិញ្ញាប័ត្រជាន់ខ្ពស់,07/12/2024,officer,sreyneangmao
912095142,121,ឈឹម,ពិសី,Chhim,Pisey,ស្រី,07/09/1977,ខ្មែរ,ខ្មែរ,សេដ្ឋកិច្ច និងអភិវឌ្ឍន៍មូលដ្ឋាន,អនុប្រធាន,បរិញ្ញាប័ត្រជាន់ខ្ពស់,24/08/2022,officer,piseychhim
179795456,122,ស៊ីម,ម៉ាលី,Sim,Maly,ស្រី,01/02/1986,ខ្មែរ,ខ្មែរ,សេដ្ឋកិច្ច និងអភិវឌ្ឍន៍មូលដ្ឋាន,អនុប្រធាន,បរិញ្ញាប័ត្រជាន់ខ្ពស់,22/10/2011,officer,malysim
288663225,123,ហួត,រតនា,Huot,Ratana,ប្រុស,05/12/2000,ខ្មែរ,ខ្មែរ,សេដ្ឋកិច្ច និងអភិវឌ្ឍន៍មូលដ្ឋាន,មន្ត្រី,បរិញ្ញាប័ត្រ,17/07/2022,officer,ratanahuot
775671921,124,គង់,ស្រីនាង,Kong,Srey Neang,ស្រី,23/02/1997,ខ្មែរ,ខ្មែរ,សេដ្ឋកិច្ច និងអភិវឌ្ឍន៍មូលដ្ឋាន,មន្ត្រី,បរិញ្ញាប័ត្រ,23/09/2020,officer,sreyneangkong
122562204,125,ហួត,រ័ត្ន,Huot,Rath,ស្រី,22/12/1987,ខ្មែរ,ខ្មែរ,សេដ្ឋកិច្ច និងអភិវឌ្ឍន៍មូលដ្ឋាន,មន្ត្រី,មធ្យមសិក្សាទុតិយភូមិ,27/03/2019,officer,rathhuot
718745407,126,លី,នីតា,Ly,Nita,ស្រី,20/05/1992,ខ្មែរ,ខ្មែរ,សេដ្ឋកិច្ច និងអភិវឌ្ឍន៍មូលដ្ឋាន,មន្ត្រី,មធ្យមសិក្សាទុតិយភូមិ,13/07/2025,officer,nitaly
867122694,127,ខន,វិសាល,Khon,Visal,ប្រុស,24/06/1985,ខ្មែរ,ខ្មែរ,សេដ្ឋកិច្ច និងអភិវឌ្ឍន៍មូលដ្ឋាន,មន្ត្រី,បរិញ្ញាប័ត្រ,08/05/2011,officer,visalkhon
613374521,128,ម៉ៅ,ស្រីនាង,Mao,Srey Neang,ស្រី,17/10/1990,ខ្មែរ,ខ្មែរ,សេដ្ឋកិច្ច និងអភិវឌ្ឍន៍មូលដ្ឋាន,មន្ត្រី,មធ្យមសិក្សាទុតិយភូមិ,24/08/2023,officer,sreyneangmao1
537777108,129,គង់,វិចិត្រ,Kong,Vichet,ប្រុស,10/09/2004,ខ្មែរ,ខ្មែរ,សេដ្ឋកិច្ច និងអភិវឌ្ឍន៍មូលដ្ឋាន,មន្ត្រី,បរិញ្ញាប័ត្រ,09/07/2023,officer,vichetkong
105378068,130,សេង,ស្រីពេជ្រ,Seng,Srey Pich,ស្រី,21/07/1989,ខ្មែរ,ខ្មែរ,សេដ្ឋកិច្ច និងអភិវឌ្ឍន៍មូលដ្ឋាន,មន្ត្រី,មធ្យមសិក្សាទុតិយភូមិ,29/07/2021,officer,sreypichseng
513611747,131,លី,ស្រីនាង,Ly,Srey Neang,ស្រី,26/08/1995,ខ្មែរ,ខ្មែរ,សេដ្ឋកិច្ច និងអភិវឌ្ឍន៍មូលដ្ឋាន,មន្ត្រី,បរិញ្ញាប័ត្រ,08/03/2015,officer,sreyneangly
604121762,132,ប៉ែន,ដាលីន,Pen,Dalin,ស្រី,15/05/1994,ខ្មែរ,ខ្មែរ,សេដ្ឋកិច្ច និងអភិវឌ្ឍន៍មូលដ្ឋាន,មន្ត្រី,មធ្យមសិក្សាទុតិយភូមិ,29/07/2021,officer,dalinpen
319662980,133,ស៊ុន,រ័ត្ន,Sun,Rath,ស្រី,18/10/1988,ខ្មែរ,ខ្មែរ,សេដ្ឋកិច្ច និងអភិវឌ្ឍន៍មូលដ្ឋាន,មន្ត្រី,បរិញ្ញាប័ត្រ,25/06/2007,officer,rathsun1
278109444,134,គឹង,វិសាល,Kung,Visal,ប្រុស,22/12/1992,ខ្មែរ,ខ្មែរ,សេដ្ឋកិច្ច និងអភិវឌ្ឍន៍មូលដ្ឋាន,មន្ត្រីកិច្ចសន្យា,មធ្យមសិក្សាទុតិយភូមិ,09/04/2018,officer,visalkung
523705338,135,ឯក,សុវណ្ណ,Ek,Sovann,ប្រុស,21/06/2004,ខ្មែរ,ខ្មែរ,សេដ្ឋកិច្ច និងអភិវឌ្ឍន៍មូលដ្ឋាន,មន្ត្រីកិច្ចសន្យា,បរិញ្ញាប័ត្រ,23/06/2025,officer,sovannek
383098304,136,ឡុង,រតនា,Long,Ratana,ប្រុស,13/09/1989,ខ្មែរ,ខ្មែរ,សង្គមកិច្ច និងសុខុមាលភាពសង្គម,ប្រធាន,បរិញ្ញាប័ត្រ,04/04/2023,officer,ratanalong
767000588,137,ម៉ៅ,ដាលីន,Mao,Dalin,ស្រី,02/05/1988,ខ្មែរ,ខ្មែរ,សង្គមកិច្ច និងសុខុមាលភាពសង្គម,អនុប្រធាន,បរិញ្ញាប័ត្រជាន់ខ្ពស់,25/10/2022,officer,dalinmao
783292575,138,ឈឹម,វិសាល,Chhim,Visal,ប្រុស,15/03/1990,ខ្មែរ,ខ្មែរ,សង្គមកិច្ច និងសុខុមាលភាពសង្គម,អនុប្រធាន,បរិញ្ញាប័ត្រ,13/08/2016,officer,visalchhim
703196780,139,ខៀវ,ស្រីពេជ្រ,Khiev,Srey Pich,ស្រី,17/10/1986,ខ្មែរ,ខ្មែរ,សង្គមកិច្ច និងសុខុមាលភាពសង្គម,មន្ត្រី,មធ្យមសិក្សាទុតិយភូមិ,12/05/2012,officer,sreypichkhiev
993008559,140,ម៉ៅ,ម៉ាលី,Mao,Maly,ស្រី,17/10/2006,ខ្មែរ,ខ្មែរ,សង្គមកិច្ច និងសុខុមាលភាពសង្គម,មន្ត្រី,មធ្យមសិក្សាទុតិយភូមិ,14/04/2025,officer,malymao
515978949,141,ហួត,ម៉ាលី,Huot,Maly,ស្រី,17/07/1985,ខ្មែរ,ខ្មែរ,សង្គមកិច្ច និងសុខុមាលភាពសង្គម,មន្ត្រី,បរិញ្ញាប័ត្រ,18/10/2022,officer,malyhuot
131286130,142,ឡុង,នីតា,Long,Nita,ស្រី,28/12/1996,ខ្មែរ,ខ្មែរ,សង្គមកិច្ច និងសុខុមាលភាពសង្គម,មន្ត្រី,មធ្យមសិក្សាទុតិយភូមិ,06/10/2024,officer,nitalong
974083646,143,ពៅ,សុវណ្ណ,Pov,Sovann,ប្រុស,13/10/2000,ខ្មែរ,ខ្មែរ,សង្គមកិច្ច និងសុខុមាលភាពសង្គម,មន្ត្រី,បរិញ្ញាប័ត្រ,31/01/2024,officer,sovannpov
208983255,144,ហួត,មុនី,Huot,Mony,ប្រុស,18/01/1996,ខ្មែរ,ខ្មែរ,សង្គមកិច្ច និងសុខុមាលភាពសង្គម,មន្ត្រី,បរិញ្ញាប័ត្រ,11/12/2015,officer,monyhuot2
653973116,145,ឯក,សុវណ្ណ,Ek,Sovann,ប្រុស,12/10/1999,ខ្មែរ,ខ្មែរ,សង្គមកិច្ច និងសុខុមាលភាពសង្គម,មន្ត្រី,បរិញ្ញាប័ត្រ,28/11/2024,officer,sovannek1
917936681,146,ម៉ៅ,មុនី,Mao,Mony,ប្រុស,04/01/1994,ខ្មែរ,ខ្មែរ,សង្គមកិច្ច និងសុខុមាលភាពសង្គម,មន្ត្រី,មធ្យមសិក្សាទុតិយភូមិ,30/06/2013,officer,monymao
978720608,147,សេង,ពិសី,Seng,Pisey,ស្រី,04/11/1988,ខ្មែរ,ខ្មែរ,សង្គមកិច្ច និងសុខុមាលភាពសង្គម,មន្ត្រីកិច្ចសន្យា,មធ្យមសិក្សាទុតិយភូមិ,20/05/2025,officer,piseyseng1
471978030,148,ទូច,វាសនា,Touch,Veasna,ប្រុស,04/03/1991,ខ្មែរ,ខ្មែរ,សាធារណៈការ ដឹកជញ្ជូន អនាម័យ បរិស្ថាន និងសណ្ដាប់ធ្នាប់សាធារណៈ,ប្រធាន,បរិញ្ញាប័ត្រ,11/02/2011,officer,veasnatouch
909158028,149,សេង,មករា,Seng,Makara,ប្រុស,26/09/1975,ខ្មែរ,ខ្មែរ,សាធារណៈការ ដឹកជញ្ជូន អនាម័យ បរិស្ថាន និងសណ្ដាប់ធ្នាប់សាធារណៈ,អនុប្រធាន,បរិញ្ញាប័ត្រ,01/01/2019,officer,makaraseng
165865460,150,សុខ,វិចិត្រ,Sok,Vichet,ប្រុស,15/02/1985,ខ្មែរ,ខ្មែរ,សាធារណៈការ ដឹកជញ្ជូន អនាម័យ បរិស្ថាន និងសណ្ដាប់ធ្នាប់សាធារណៈ,អនុប្រធាន,បរិញ្ញាប័ត្រ,16/06/2025,officer,vichetsok1
787511272,151,ណុប,ដាលីន,Nop,Dalin,ស្រី,06/07/1986,ខ្មែរ,ខ្មែរ,សាធារណៈការ ដឹកជញ្ជូន អនាម័យ បរិស្ថាន និងសណ្ដាប់ធ្នាប់សាធារណៈ,មន្ត្រី,បរិញ្ញាប័ត្រ,11/02/2014,officer,dalinnop1
111775531,152,គឹង,វិសាល,Kung,Visal,ប្រុស,12/02/1998,ខ្មែរ,ខ្មែរ,សាធារណៈការ ដឹកជញ្ជូន អនាម័យ បរិស្ថាន និងសណ្ដាប់ធ្នាប់សាធារណៈ,មន្ត្រី,បរិញ្ញាប័ត្រ,03/01/2018,officer,visalkung1
846102653,153,ខៀវ,រតនា,Khiev,Ratana,ប្រុស,26/07/1993,ខ្មែរ,ខ្មែរ,សាធារណៈការ ដឹកជញ្ជូន អនាម័យ បរិស្ថាន និងសណ្ដាប់ធ្នាប់សាធារណៈ,មន្ត្រី,មធ្យមសិក្សាទុតិយភូមិ,10/11/2013,officer,ratanakhiev
924968951,154,ប៉ែន,សុខា,Pen,Sokha,ប្រុស,03/11/1998,ខ្មែរ,ខ្មែរ,សាធារណៈការ ដឹកជញ្ជូន អនាម័យ បរិស្ថាន និងសណ្ដាប់ធ្នាប់សាធារណៈ,មន្ត្រី,បរិញ្ញាប័ត្រ,27/04/2023,officer,sokhapen
662374188,155,គឹម,រ័ត្ន,Kim,Rath,ស្រី,27/12/1992,ខ្មែរ,ខ្មែរ,សាធារណៈការ ដឹកជញ្ជូន អនាម័យ បរិស្ថាន និងសណ្ដាប់ធ្នាប់សាធារណៈ,មន្ត្រី,មធ្យមសិក្សាទុតិយភូមិ,20/07/2024,officer,rathkim1
666227226,156,គឹម,វាសនា,Kim,Veasna,ប្រុស,20/09/1986,ខ្មែរ,ខ្មែរ,សាធារណៈការ ដឹកជញ្ជូន អនាម័យ បរិស្ថាន និងសណ្ដាប់ធ្នាប់សាធារណៈ,មន្ត្រី,មធ្យមសិក្សាទុតិយភូមិ,14/05/2010,officer,veasnakim
574347563,157,គឹម,សុភា,Kim,Sophea,ស្រី,25/12/1991,ខ្មែរ,ខ្មែរ,សាធារណៈការ ដឹកជញ្ជូន អនាម័យ បរិស្ថាន និងសណ្ដាប់ធ្នាប់សាធារណៈ,មន្ត្រី,មធ្យមសិក្សាទុតិយភូមិ,24/03/2023,officer,sopheakim
364992693,158,ស៊ុន,សុខា,Sun,Sokha,ប្រុស,04/05/1993,ខ្មែរ,ខ្មែរ,សាធារណៈការ ដឹកជញ្ជូន អនាម័យ បរិស្ថាន និងសណ្ដាប់ធ្នាប់សាធារណៈ,មន្ត្រី,មធ្យមសិក្សាទុតិយភូមិ,08/12/2024,officer,sokhasun
809751539,159,ខៀវ,សុវណ្ណ,Khiev,Sovann,ប្រុស,21/12/1995,ខ្មែរ,ខ្មែរ,សាធារណៈការ ដឹកជញ្ជូន អនាម័យ បរិស្ថាន និងសណ្ដាប់ធ្នាប់សាធារណៈ,មន្ត្រី,មធ្យមសិក្សាទុតិយភូមិ,21/09/2016,officer,sovannkhiev
825451231,160,ទេព,ម៉ាលី,Tep,Maly,ស្រី,20/08/2004,ខ្មែរ,ខ្មែរ,សាធារណៈការ ដឹកជញ្ជូន អនាម័យ បរិស្ថាន និងសណ្ដាប់ធ្នាប់សាធារណៈ,មន្ត្រី,មធ្យមសិក្សាទុតិយភូមិ,28/09/2024,officer,malytep1
711387194,161,ស៊ុន,សុខា,Sun,Sokha,ប្រុស,19/08/2006,ខ្មែរ,ខ្មែរ,សាធារណៈការ ដឹកជញ្ជូន អនាម័យ បរិស្ថាន និងសណ្ដាប់ធ្នាប់សាធារណៈ,មន្ត្រី,មធ្យមសិក្សាទុតិយភូមិ,01/02/2025,officer,sokhasun1
369604847,162,សុខ,រ័ត្ន,Sok,Rath,ស្រី,12/12/1997,ខ្មែរ,ខ្មែរ,សាធារណៈការ ដឹកជញ្ជូន អនាម័យ បរិស្ថាន និងសណ្ដាប់ធ្នាប់សាធារណៈ,មន្ត្រីកិច្ចសន្យា,មធ្យមសិក្សាទុតិយភូមិ,30/10/2024,officer,rathsok
861307985,163,ណុប,ស្រីពេជ្រ,Nop,Srey Pich,ស្រី,20/01/1999,ខ្មែរ,ខ្មែរ,សាធារណៈការ ដឹកជញ្ជូន អនាម័យ បរិស្ថាន និងសណ្ដាប់ធ្នាប់សាធារណៈ,មន្ត្រីកិច្ចសន្យា,មធ្យមសិក្សាទុតិយភូមិ,24/04/2017,officer,sreypichnop
861974694,164,លី,ស្រីពេជ្រ,Ly,Srey Pich,ស្រី,13/05/1985,ខ្មែរ,ខ្មែរ,អប់រំ យុវជន និងកីឡា,ប្រធាន,បរិញ្ញាប័ត្រ,26/10/2016,officer,sreypichly
153393959,165,ពៅ,ស្រីពេជ្រ,Pov,Srey Pich,ស្រី,08/02/1973,ខ្មែរ,ខ្មែរ,អប់រំ យុវជន និងកីឡា,អនុប្រធាន,បរិញ្ញាប័ត្រជាន់ខ្ពស់,02/12/2007,officer,sreypichpov1
346296909,166,លី,ដាលីន,Ly,Dalin,ស្រី,04/03/1981,ខ្មែរ,ខ្មែរ,អប់រំ យុវជន និងកីឡា,អនុប្រធាន,បរិញ្ញាប័ត្រជាន់ខ្ពស់,07/10/2018,officer,dalinly1
139506878,167,លី,វិចិត្រ,Ly,Vichet,ប្រុស,24/12/2003,ខ្មែរ,ខ្មែរ,អប់រំ យុវជន និងកីឡា,មន្ត្រី,បរិញ្ញាប័ត្រ,26/02/2024,officer,vichetly
826295990,168,ស៊ុន,បញ្ញា,Sun,Panha,ប្រុស,12/07/1994,ខ្មែរ,ខ្មែរ,អប់រំ យុវជន និងកីឡា,មន្ត្រី,បរិញ្ញាប័ត្រ,05/01/2025,officer,panhasun1
277155765,169,ចាន់,នីតា,Chan,Nita,ស្រី,09/03/1994,ខ្មែរ,ខ្មែរ,អប់រំ យុវជន និងកីឡា,មន្ត្រី,មធ្យមសិក្សាទុតិយភូមិ,18/03/2024,officer,nitachan
573617756,170,ជា,ស្រីពេជ្រ,Chea,Srey Pich,ស្រី,27/07/2003,ខ្មែរ,ខ្មែរ,អប់រំ យុវជន និងកីឡា,មន្ត្រី,មធ្យមសិក្សាទុតិយភូមិ,31/03/2024,officer,sreypichchea
894961833,171,វ៉ាន់,ដារា,Van,Dara,ប្រុស,07/07/1989,ខ្មែរ,ខ្មែរ,អប់រំ យុវជន និងកីឡា,មន្ត្រី,បរិញ្ញាប័ត្រ,24/07/2013,officer,daravan
210655916,172,ពៅ,ពិសី,Pov,Pisey,ស្រី,10/12/1990,ខ្មែរ,ខ្មែរ,អប់រំ យុវជន និងកីឡា,មន្ត្រី,មធ្យមសិក្សាទុតិយភូមិ,21/08/2009,officer,piseypov
494112842,173,ឯក,បញ្ញា,Ek,Panha,ប្រុស,03/07/1996,ខ្មែរ,ខ្មែរ,អប់រំ យុវជន និងកីឡា,មន្ត្រី,បរិញ្ញាប័ត្រ,23/09/2014,officer,panhaek
219423817,174,ឡុង,វិសាល,Long,Visal,ប្រុស,18/05/1987,ខ្មែរ,ខ្មែរ,អប់រំ យុវជន និងកីឡា,មន្ត្រី,បរិញ្ញាប័ត្រ,27/12/2017,officer,visallong
693021829,175,សេង,សុវណ្ណ,Seng,Sovann,ប្រុស,05/03/1989,ខ្មែរ,ខ្មែរ,អប់រំ យុវជន និងកីឡា,មន្ត្រី,មធ្យមសិក្សាទុតិយភូមិ,12/07/2011,officer,sovannseng
305150130,176,ឯក,ស្រីនាង,Ek,Srey Neang,ស្រី,16/11/2003,ខ្មែរ,ខ្មែរ,អប់រំ យុវជន និងកីឡា,មន្ត្រី,មធ្យមសិក្សាទុតិយភូមិ,29/11/2023,officer,sreyneangek
769167389,177,ណុប,មករា,Nop,Makara,ប្រុស,20/11/1987,ខ្មែរ,ខ្មែរ,អប់រំ យុវជន និងកីឡា,មន្ត្រី,មធ្យមសិក្សាទុតិយភូមិ,02/12/2008,officer,makaranop
781978593,178,ឡុង,ស្រីពេជ្រ,Long,Srey Pich,ស្រី,09/12/1992,ខ្មែរ,ខ្មែរ,អប់រំ យុវជន និងកីឡា,មន្ត្រី,មធ្យមសិក្សាទុតិយភូមិ,24/07/2021,officer,sreypichlong
210972062,179,គង់,វិសាល,Kong,Visal,ប្រុស,26/07/1999,ខ្មែរ,ខ្មែរ,អប់រំ យុវជន និងកីឡា,មន្ត្រី,មធ្យមសិក្សាទុតិយភូមិ,27/07/2025,officer,visalkong
439526720,180,លី,វិសាល,Ly,Visal,ប្រុស,03/07/2006,ខ្មែរ,ខ្មែរ,អប់រំ យុវជន និងកីឡា,មន្ត្រី,មធ្យមសិក្សាទុតិយភូមិ,05/11/2025,officer,visally1
196719122,181,គង់,សុភា,Kong,Sophea,ស្រី,25/05/1987,ខ្មែរ,ខ្មែរ,អប់រំ យុវជន និងកីឡា,មន្ត្រី,បរិញ្ញាប័ត្រ,25/02/2015,officer,sopheakong
772271267,182,ឡុង,សុវណ្ណ,Long,Sovann,ប្រុស,07/06/1985,ខ្មែរ,ខ្មែរ,អប់រំ យុវជន និងកីឡា,មន្ត្រីកិច្ចសន្យា,បរិញ្ញាប័ត្រ,03/09/2004,officer,sovannlong
680477595,183,ស៊ីម,ស្រីនាង,Sim,Srey Neang,ស្រី,22/07/2001,ខ្មែរ,ខ្មែរ,អប់រំ យុវជន និងកីឡា,មន្ត្រីកិច្ចសន្យា,មធ្យមសិក្សាទុតិយភូមិ,21/04/2023,officer,sreyneangsim
166885255,184,ណុប,ដារា,Nop,Dara,ប្រុស,23/08/2006,ខ្មែរ,ខ្មែរ,អប់រំ យុវជន និងកីឡា,មន្ត្រីកិច្ចសន្យា,មធ្យមសិក្សាទុតិយភូមិ,30/03/2025,officer,daranop
